{"SubTexture":[{"y":234,"frameX":0,"frameHeight":210,"frameY":0,"width":111,"frameWidth":112,"height":209,"name":"parts/tailTip","x":456},{"width":112,"y":234,"height":86,"name":"parts/armUpperL","x":340},{"width":48,"y":859,"height":80,"name":"parts/armL","x":373},{"width":96,"y":922,"height":78,"name":"parts/handL","x":1},{"y":677,"frameX":0,"frameHeight":180,"frameY":0,"width":203,"frameWidth":204,"height":180,"name":"parts/legL","x":238},{"y":397,"frameX":0,"frameHeight":348,"frameY":0,"width":235,"frameWidth":236,"height":347,"name":"parts/body","x":1},{"width":216,"y":397,"height":278,"name":"parts/tail","x":238},{"width":208,"y":746,"height":174,"name":"parts/clothes1","x":1},{"width":124,"y":677,"height":282,"name":"parts/hair","x":443},{"y":1,"frameX":0,"frameHeight":394,"frameY":0,"width":337,"frameWidth":338,"height":394,"name":"parts/head","x":1},{"width":28,"y":961,"height":46,"name":"parts/eyeL","x":459},{"y":961,"frameX":0,"frameHeight":58,"frameY":0,"width":37,"frameWidth":38,"height":58,"name":"parts/eyeR","x":420},{"y":1,"frameX":0,"frameHeight":232,"frameY":0,"width":180,"frameWidth":180,"height":231,"name":"parts/legR","x":340},{"width":160,"y":859,"height":94,"name":"parts/armUpperR","x":211},{"y":941,"frameX":0,"frameHeight":78,"frameY":0,"width":45,"frameWidth":46,"height":77,"name":"parts/armR","x":373},{"width":98,"y":322,"height":58,"name":"parts/handR","x":340},{"y":955,"frameX":0,"frameHeight":36,"frameY":0,"width":119,"frameWidth":120,"height":36,"name":"parts/beardL","x":237},{"width":136,"y":955,"height":36,"name":"parts/beardR","x":99}],"width":1024,"height":1024,"name":"Dragon","imagePath":"Dragon_tex.png"}